city,seller_name,url
almaty,Asyq Et,https://2gis.kz/almaty/search/%D0%BC%D1%8F%D1%81%D0%BE/rubricId/562/firm/70000001052096219/76.829561%2C43.223382/tab/prices
almaty,Сама Лепила,https://2gis.kz/almaty/search/%D0%BC%D1%8F%D1%81%D0%BE/rubricId/562/firm/70000001100585760/76.886361%2C43.21986/tab/prices
almaty,Алматы Халал Ет,https://2gis.kz/almaty/search/%D0%BC%D1%8F%D1%81%D0%BE/rubricId/562/firm/70000001037511067/76.880375%2C43.250146/tab/prices
almaty,Sobrano,https://2gis.kz/almaty/search/%D0%BC%D1%8F%D1%81%D0%BE/rubricId/562/firm/70000001116564803/76.912031%2C43.247595/tab/prices
almaty,Семь морей Алматы,https://2gis.kz/almaty/search/%D1%80%D1%8B%D0%B1%D0%B0/rubricId/366/firm/70000001104640789/76.950807%2C43.232935/tab/prices?m=76.904064%2C43.242036%2F12
almaty,Щедрый океан,https://2gis.kz/almaty/search/%D1%80%D1%8B%D0%B1%D0%B0/rubricId/366/firm/70000001076467032/76.906697%2C43.256936/tab/prices?m=76.904064%2C43.242036%2F12
almaty,Морской урожай,https://2gis.kz/almaty/search/%D1%80%D1%8B%D0%B1%D0%B0/rubricId/366/firm/70000001023994597/76.898527%2C43.237673/tab/prices?m=76.904064%2C43.242036%2F12
almaty,Meat to Eat,https://2gis.kz/almaty/search/%D1%80%D1%8B%D0%B1%D0%B0/rubricId/366/page/2/firm/70000001036056996/76.87403%2C43.259406/tab/prices?m=76.899938%2C43.238482%2F12
almaty,SeaBastian,https://2gis.kz/almaty/search/%D1%80%D1%8B%D0%B1%D0%B0/rubricId/366/page/2/firm/70000001050724763/76.883739%2C43.256683/tab/prices?m=76.899938%2C43.238482%2F12
almaty,Omega Fish,https://2gis.kz/almaty/search/%D1%80%D1%8B%D0%B1%D0%B0/rubricId/366/firm/70000001105497920/76.747906%2C43.198898/tab/prices?m=76.747906%2C43.198898%2F12
