alias_id,product_id,product_name,alias,language,alias_type,scope,safe_for_auto_match,status,source,note
A-00001,KAIDA-P0001,Говядина,мясо говядины,ru,LEGACY_ALIAS,GLOBAL,YES,ACTIVE,INITIAL_CATALOG,
A-00002,KAIDA-P0001,Говядина,говяжье мясо,ru,LEGACY_ALIAS,GLOBAL,YES,ACTIVE,INITIAL_CATALOG,
A-00003,KAIDA-P0002,Телятина,мясо телёнка,ru,LEGACY_ALIAS,GLOBAL,YES,ACTIVE,INITIAL_CATALOG,
A-00004,KAIDA-P0003,Говяжья вырезка,вырезка говядины,ru,LEGACY_ALIAS,GLOBAL,YES,ACTIVE,INITIAL_CATALOG,
A-00005,KAIDA-P0004,Говяжье филе,филе говядины,ru,LEGACY_ALIAS,GLOBAL,YES,ACTIVE,INITIAL_CATALOG,
A-00006,KAIDA-P0005,Говяжья мякоть,мякоть говядины,ru,LEGACY_ALIAS,GLOBAL,YES,ACTIVE,INITIAL_CATALOG,
A-00007,KAIDA-P0006,Говяжья шея,шея говядины,ru,LEGACY_ALIAS,GLOBAL,YES,ACTIVE,INITIAL_CATALOG,
A-00008,KAIDA-P0007,Говяжья лопатка,лопатка говядины,ru,LEGACY_ALIAS,GLOBAL,YES,ACTIVE,INITIAL_CATALOG,
A-00009,KAIDA-P0008,Говяжья грудинка,грудинка говядины,ru,LEGACY_ALIAS,GLOBAL,YES,ACTIVE,INITIAL_CATALOG,
A-00010,KAIDA-P0009,Говяжьи рёбра,ребра говядины,ru,LEGACY_ALIAS,GLOBAL,YES,ACTIVE,INITIAL_CATALOG,
A-00011,KAIDA-P0010,Говяжья корейка,корейка говядины,ru,LEGACY_ALIAS,GLOBAL,YES,ACTIVE,INITIAL_CATALOG,
A-00012,KAIDA-P0011,Говяжья голяшка,голяшка говядины,ru,LEGACY_ALIAS,GLOBAL,YES,ACTIVE,INITIAL_CATALOG,
A-00013,KAIDA-P0012,Говяжья рулька,рулька говядины,ru,LEGACY_ALIAS,GLOBAL,YES,ACTIVE,INITIAL_CATALOG,
A-00014,KAIDA-P0013,Говяжий кострец,кострец говядины,ru,LEGACY_ALIAS,GLOBAL,YES,ACTIVE,INITIAL_CATALOG,
A-00015,KAIDA-P0014,Говяжий огузок,огузок говядины,ru,LEGACY_ALIAS,GLOBAL,YES,ACTIVE,INITIAL_CATALOG,
A-00016,KAIDA-P0015,Говяжья пашина,пашина говядины,ru,LEGACY_ALIAS,GLOBAL,YES,ACTIVE,INITIAL_CATALOG,
A-00017,KAIDA-P0017,Говяжий рибай,стейк рибай,ru,LEGACY_ALIAS,GLOBAL,YES,ACTIVE,INITIAL_CATALOG,
A-00018,KAIDA-P0018,Говяжий стриплойн,стейк стриплойн,ru,LEGACY_ALIAS,GLOBAL,YES,ACTIVE,INITIAL_CATALOG,
A-00019,KAIDA-P0019,Говяжий томагавк,стейк томагавк,ru,LEGACY_ALIAS,GLOBAL,YES,ACTIVE,INITIAL_CATALOG,
A-00020,KAIDA-P0020,Говяжий стейк,стейк из говядины,ru,LEGACY_ALIAS,GLOBAL,YES,ACTIVE,INITIAL_CATALOG,
A-00021,KAIDA-P0022,Говяжьи кости,кость говяжья,ru,LEGACY_ALIAS,GLOBAL,YES,ACTIVE,INITIAL_CATALOG,
A-00022,KAIDA-P0023,Сахарная говяжья кость,сахарная кость,ru,LEGACY_ALIAS,GLOBAL,YES,ACTIVE,INITIAL_CATALOG,
A-00023,KAIDA-P0024,Говяжий фарш,фарш говяжий,ru,LEGACY_ALIAS,GLOBAL,YES,ACTIVE,INITIAL_CATALOG,
A-00024,KAIDA-P0025,Фарш говядина-баранина,смешанный фарш говядина баранина,ru,LEGACY_ALIAS,GLOBAL,YES,ACTIVE,INITIAL_CATALOG,
A-00025,KAIDA-P0031,Баранина,мясо барана,ru,LEGACY_ALIAS,GLOBAL,YES,ACTIVE,INITIAL_CATALOG,
A-00026,KAIDA-P0031,Баранина,баранье мясо,ru,LEGACY_ALIAS,GLOBAL,YES,ACTIVE,INITIAL_CATALOG,
A-00027,KAIDA-P0032,Ягнятина,мясо ягнёнка,ru,LEGACY_ALIAS,GLOBAL,YES,ACTIVE,INITIAL_CATALOG,
A-00028,KAIDA-P0033,Козлятина,козье мясо,ru,LEGACY_ALIAS,GLOBAL,YES,ACTIVE,INITIAL_CATALOG,
A-00029,KAIDA-P0039,Бараньи рёбра,ребра баранина,ru,LEGACY_ALIAS,GLOBAL,YES,ACTIVE,INITIAL_CATALOG,
A-00030,KAIDA-P0041,Баранья нога,баранья задняя нога,ru,LEGACY_ALIAS,GLOBAL,YES,ACTIVE,INITIAL_CATALOG,
A-00031,KAIDA-P0045,Бараний фарш,фарш баранина,ru,LEGACY_ALIAS,GLOBAL,YES,ACTIVE,INITIAL_CATALOG,
A-00032,KAIDA-P0046,Курдюк,курдючный жир,ru,LEGACY_ALIAS,GLOBAL,YES,ACTIVE,INITIAL_CATALOG,
A-00033,KAIDA-P0046,Курдюк,бараний курдюк,ru,LEGACY_ALIAS,GLOBAL,YES,ACTIVE,INITIAL_CATALOG,
A-00034,KAIDA-P0047,Бараний внутренний жир,бараний жир,ru,LEGACY_ALIAS,GLOBAL,YES,ACTIVE,INITIAL_CATALOG,
A-00035,KAIDA-P0056,Конина,конское мясо,ru,LEGACY_ALIAS,GLOBAL,YES,ACTIVE,INITIAL_CATALOG,
A-00036,KAIDA-P0057,Жая,конина жая,ru,LEGACY_ALIAS,GLOBAL,YES,ACTIVE,INITIAL_CATALOG,
A-00037,KAIDA-P0058,Казы,казы,ru,LEGACY_ALIAS,GLOBAL,YES,ACTIVE,INITIAL_CATALOG,
A-00038,KAIDA-P0059,Шужук из конины,шужук,ru,LEGACY_ALIAS,GLOBAL,YES,ACTIVE,INITIAL_CATALOG,
A-00039,KAIDA-P0059,Шужук из конины,шұжық,ru,LEGACY_ALIAS,GLOBAL,YES,ACTIVE,INITIAL_CATALOG,
A-00040,KAIDA-P0060,Карта,конская карта,ru,LEGACY_ALIAS,GLOBAL,YES,ACTIVE,INITIAL_CATALOG,
A-00041,KAIDA-P0060,Карта,қарта,ru,LEGACY_ALIAS,GLOBAL,YES,ACTIVE,INITIAL_CATALOG,
A-00042,KAIDA-P0061,Жал,конский жал,ru,LEGACY_ALIAS,GLOBAL,YES,ACTIVE,INITIAL_CATALOG,
A-00043,KAIDA-P0069,Сур ет,сүрленген ет,ru,LEGACY_ALIAS,GLOBAL,YES,ACTIVE,INITIAL_CATALOG,
A-00044,KAIDA-P0069,Сур ет,вяленая конина,ru,LEGACY_ALIAS,GLOBAL,YES,ACTIVE,INITIAL_CATALOG,
A-00045,KAIDA-P0070,Свинина,свиное мясо,ru,LEGACY_ALIAS,GLOBAL,YES,ACTIVE,INITIAL_CATALOG,
A-00046,KAIDA-P0079,Сало,свиное сало,ru,LEGACY_ALIAS,GLOBAL,YES,ACTIVE,INITIAL_CATALOG,
A-00047,KAIDA-P0080,Кролик,мясо кролика,ru,LEGACY_ALIAS,GLOBAL,YES,ACTIVE,INITIAL_CATALOG,
A-00048,KAIDA-P0083,Оленина,мясо оленя,ru,LEGACY_ALIAS,GLOBAL,YES,ACTIVE,INITIAL_CATALOG,
A-00049,KAIDA-P0084,Маралятина,мясо марала,ru,LEGACY_ALIAS,GLOBAL,YES,ACTIVE,INITIAL_CATALOG,
A-00050,KAIDA-P0085,Верблюжатина,мясо верблюда,ru,LEGACY_ALIAS,GLOBAL,YES,ACTIVE,INITIAL_CATALOG,
A-00051,KAIDA-P0086,Мясо яка,яковое мясо,ru,LEGACY_ALIAS,GLOBAL,YES,ACTIVE,INITIAL_CATALOG,
A-00052,KAIDA-P0087,Курица,куриное мясо,ru,LEGACY_ALIAS,GLOBAL,YES,ACTIVE,INITIAL_CATALOG,
A-00053,KAIDA-P0089,Куриное филе,филе курицы,ru,LEGACY_ALIAS,GLOBAL,YES,ACTIVE,INITIAL_CATALOG,
A-00054,KAIDA-P0089,Куриное филе,куриная грудка без кости,ru,LEGACY_ALIAS,GLOBAL,YES,ACTIVE,INITIAL_CATALOG,
A-00055,KAIDA-P0093,Куриное крыло,куриные крылышки,ru,LEGACY_ALIAS,GLOBAL,YES,ACTIVE,INITIAL_CATALOG,
A-00056,KAIDA-P0098,Цыплёнок,цыпленок,ru,LEGACY_ALIAS,GLOBAL,YES,ACTIVE,INITIAL_CATALOG,
A-00057,KAIDA-P0100,Индейка,мясо индейки,ru,LEGACY_ALIAS,GLOBAL,YES,ACTIVE,INITIAL_CATALOG,
A-00058,KAIDA-P0107,Утка,утиное мясо,ru,LEGACY_ALIAS,GLOBAL,YES,ACTIVE,INITIAL_CATALOG,
A-00059,KAIDA-P0110,Гусь,гусиное мясо,ru,LEGACY_ALIAS,GLOBAL,YES,ACTIVE,INITIAL_CATALOG,
A-00060,KAIDA-P0112,Перепел,перепёлка,ru,LEGACY_ALIAS,GLOBAL,YES,ACTIVE,INITIAL_CATALOG,
A-00061,KAIDA-P0120,Говяжий рубец,требуха говяжья,ru,LEGACY_ALIAS,GLOBAL,YES,ACTIVE,INITIAL_CATALOG,
A-00062,KAIDA-P0131,Баранья голова,баранья башка,ru,LEGACY_ALIAS,GLOBAL,YES,ACTIVE,INITIAL_CATALOG,
A-00063,KAIDA-P0132,Бараньи ноги,бараньи ножки,ru,LEGACY_ALIAS,GLOBAL,YES,ACTIVE,INITIAL_CATALOG,
A-00064,KAIDA-P0140,Куриные желудки,куриные пупки,ru,LEGACY_ALIAS,GLOBAL,YES,ACTIVE,INITIAL_CATALOG,
A-00065,KAIDA-P0146,Карп,карп обыкновенный,ru,LEGACY_ALIAS,GLOBAL,YES,ACTIVE,INITIAL_CATALOG,
A-00066,KAIDA-P0152,Окунь речной,речной окунь,ru,LEGACY_ALIAS,GLOBAL,YES,ACTIVE,INITIAL_CATALOG,
A-00067,KAIDA-P0157,Налим,налим речной,ru,LEGACY_ALIAS,GLOBAL,YES,ACTIVE,INITIAL_CATALOG,
A-00068,KAIDA-P0163,Форель радужная,радужная форель,ru,LEGACY_ALIAS,GLOBAL,YES,ACTIVE,INITIAL_CATALOG,
A-00069,KAIDA-P0164,Форель речная,речная форель,ru,LEGACY_ALIAS,GLOBAL,YES,ACTIVE,INITIAL_CATALOG,
A-00070,KAIDA-P0165,Форель озёрная,озерная форель,ru,LEGACY_ALIAS,GLOBAL,YES,ACTIVE,INITIAL_CATALOG,
A-00071,KAIDA-P0170,Угорь речной,угорь,ru,LEGACY_ALIAS,GLOBAL,YES,ACTIVE,INITIAL_CATALOG,
A-00072,KAIDA-P0173,Атлантический лосось,семга,ru,LEGACY_ALIAS,GLOBAL,YES,ACTIVE,INITIAL_CATALOG,
A-00073,KAIDA-P0173,Атлантический лосось,лосось атлантический,ru,LEGACY_ALIAS,GLOBAL,YES,ACTIVE,INITIAL_CATALOG,
A-00074,KAIDA-P0174,Тихоокеанский лосось,лосось,ru,LEGACY_ALIAS,GLOBAL,YES,ACTIVE,INITIAL_CATALOG,
A-00075,KAIDA-P0187,Анчоус,хамса,ru,LEGACY_ALIAS,GLOBAL,YES,ACTIVE,INITIAL_CATALOG,
A-00076,KAIDA-P0191,Хек,мерлуза,ru,LEGACY_ALIAS,GLOBAL,YES,ACTIVE,INITIAL_CATALOG,
A-00077,KAIDA-P0195,Дорадо,дорада,ru,LEGACY_ALIAS,GLOBAL,YES,ACTIVE,INITIAL_CATALOG,
A-00078,KAIDA-P0196,Сибас,лаврак,ru,LEGACY_ALIAS,GLOBAL,YES,ACTIVE,INITIAL_CATALOG,
A-00079,KAIDA-P0197,Лакедра,желтохвост,ru,LEGACY_ALIAS,GLOBAL,YES,ACTIVE,INITIAL_CATALOG,
A-00080,KAIDA-P0197,Лакедра,yellowtail,ru,LEGACY_ALIAS,GLOBAL,YES,ACTIVE,INITIAL_CATALOG,
A-00081,KAIDA-P0197,Лакедра,хамачи,ru,LEGACY_ALIAS,GLOBAL,YES,ACTIVE,INITIAL_CATALOG,
A-00082,KAIDA-P0197,Лакедра,hamachi,ru,LEGACY_ALIAS,GLOBAL,YES,ACTIVE,INITIAL_CATALOG,
A-00083,KAIDA-P0198,Махи-махи,корифена,ru,LEGACY_ALIAS,GLOBAL,YES,ACTIVE,INITIAL_CATALOG,
A-00084,KAIDA-P0199,Меч-рыба,рыба-меч,ru,LEGACY_ALIAS,GLOBAL,YES,ACTIVE,INITIAL_CATALOG,
A-00085,KAIDA-P0209,Масляная рыба,эсколар,ru,LEGACY_ALIAS,GLOBAL,YES,ACTIVE,INITIAL_CATALOG,
A-00086,KAIDA-P0217,Креветка,креветки,ru,LEGACY_ALIAS,GLOBAL,YES,ACTIVE,INITIAL_CATALOG,
A-00087,KAIDA-P0218,Креветка тигровая,тигровые креветки,ru,LEGACY_ALIAS,GLOBAL,YES,ACTIVE,INITIAL_CATALOG,
A-00088,KAIDA-P0219,Креветка королевская,королевские креветки,ru,LEGACY_ALIAS,GLOBAL,YES,ACTIVE,INITIAL_CATALOG,
A-00089,KAIDA-P0222,Краб,крабы,ru,LEGACY_ALIAS,GLOBAL,YES,ACTIVE,INITIAL_CATALOG,
A-00090,KAIDA-P0225,Лобстер,омар,ru,LEGACY_ALIAS,GLOBAL,YES,ACTIVE,INITIAL_CATALOG,
A-00091,KAIDA-P0227,Рак речной,раки,ru,LEGACY_ALIAS,GLOBAL,YES,ACTIVE,INITIAL_CATALOG,
A-00092,KAIDA-P0228,Мидии,мидия,ru,LEGACY_ALIAS,GLOBAL,YES,ACTIVE,INITIAL_CATALOG,
A-00093,KAIDA-P0229,Устрицы,устрица,ru,LEGACY_ALIAS,GLOBAL,YES,ACTIVE,INITIAL_CATALOG,
A-00094,KAIDA-P0230,Морской гребешок,гребешок,ru,LEGACY_ALIAS,GLOBAL,YES,ACTIVE,INITIAL_CATALOG,
A-00095,KAIDA-P0231,Вонголе,венерки,ru,LEGACY_ALIAS,GLOBAL,YES,ACTIVE,INITIAL_CATALOG,
A-00096,KAIDA-P0237,Морской коктейль,коктейль из морепродуктов,ru,LEGACY_ALIAS,GLOBAL,YES,ACTIVE,INITIAL_CATALOG,
A-00097,KAIDA-P0239,Трепанг,морской огурец,ru,LEGACY_ALIAS,GLOBAL,YES,ACTIVE,INITIAL_CATALOG,
A-00098,KAIDA-P0240,Морская капуста,ламинария,ru,LEGACY_ALIAS,GLOBAL,YES,ACTIVE,INITIAL_CATALOG,
A-00099,KAIDA-P0252,Красная икра,икра лососевая,ru,LEGACY_ALIAS,GLOBAL,YES,ACTIVE,INITIAL_CATALOG,
A-00100,KAIDA-P0256,Чёрная икра,икра осетровая,ru,LEGACY_ALIAS,GLOBAL,YES,ACTIVE,INITIAL_CATALOG,
A-00101,KAIDA-P0264,Набор для ухи,суповой набор рыбный,ru,LEGACY_ALIAS,GLOBAL,YES,ACTIVE,INITIAL_CATALOG,
A-00102,KAIDA-P0265,Молоко коровье,молоко,ru,LEGACY_ALIAS,CONTEXT_REQUIRED,NO,ACTIVE_GUARDED,INITIAL_CATALOG,Generic/context-sensitive: растительное/козье/готовые названия требуют disambiguation.
A-00103,KAIDA-P0270,Молоко топлёное,топленое молоко,ru,LEGACY_ALIAS,GLOBAL,YES,ACTIVE,INITIAL_CATALOG,
A-00104,KAIDA-P0276,Каймак,каймак,ru,LEGACY_ALIAS,GLOBAL,YES,ACTIVE,INITIAL_CATALOG,
A-00105,KAIDA-P0285,Кумыс,кымыз,ru,LEGACY_ALIAS,GLOBAL,YES,ACTIVE,INITIAL_CATALOG,
A-00106,KAIDA-P0286,Шубат,шұбат,ru,LEGACY_ALIAS,GLOBAL,YES,ACTIVE,INITIAL_CATALOG,
A-00107,KAIDA-P0291,Сыворотка молочная,сыворотка,ru,LEGACY_ALIAS,GLOBAL,YES,ACTIVE,INITIAL_CATALOG,
A-00108,KAIDA-P0292,Масло сливочное,сливочное масло,ru,LEGACY_ALIAS,GLOBAL,YES,ACTIVE,INITIAL_CATALOG,
A-00109,KAIDA-P0293,Масло топлёное,гхи,ru,LEGACY_ALIAS,GLOBAL,YES,ACTIVE,INITIAL_CATALOG,
A-00110,KAIDA-P0293,Масло топлёное,масло гхи,ru,LEGACY_ALIAS,GLOBAL,YES,ACTIVE,INITIAL_CATALOG,
A-00111,KAIDA-P0294,Сгущённое молоко,сгущенка,ru,LEGACY_ALIAS,GLOBAL,YES,ACTIVE,INITIAL_CATALOG,
A-00112,KAIDA-P0298,Мороженое пломбир,пломбир,ru,LEGACY_ALIAS,GLOBAL,YES,ACTIVE,INITIAL_CATALOG,
A-00113,KAIDA-P0299,Сыр твёрдый,твердый сыр,ru,LEGACY_ALIAS,GLOBAL,YES,ACTIVE,INITIAL_CATALOG,
A-00114,KAIDA-P0330,Чечил,сыр косичка,ru,LEGACY_ALIAS,GLOBAL,YES,ACTIVE,INITIAL_CATALOG,
A-00115,KAIDA-P0332,Крем-сыр,сливочный сыр,ru,LEGACY_ALIAS,GLOBAL,YES,ACTIVE,INITIAL_CATALOG,
A-00116,KAIDA-P0333,Курт,құрт,ru,LEGACY_ALIAS,GLOBAL,YES,ACTIVE,INITIAL_CATALOG,
A-00117,KAIDA-P0335,Балкаймак,бал каймак,ru,LEGACY_ALIAS,GLOBAL,YES,ACTIVE,INITIAL_CATALOG,
A-00118,KAIDA-P0335,Балкаймак,балқаймақ,ru,LEGACY_ALIAS,GLOBAL,YES,ACTIVE,INITIAL_CATALOG,
A-00119,KAIDA-P0336,Куриные яйца,яйца,ru,LEGACY_ALIAS,GLOBAL,YES,ACTIVE,INITIAL_CATALOG,
A-00120,KAIDA-P0342,Картофель,картошка,ru,LEGACY_ALIAS,CONTEXT_REQUIRED,NO,ACTIVE_GUARDED,INITIAL_CATALOG,"Context-sensitive: в категории пирожных «Картошка» = десерт, не картофель."
A-00121,KAIDA-P0345,Картофель фиолетовый,трюфельный картофель,ru,LEGACY_ALIAS,GLOBAL,YES,ACTIVE,INITIAL_CATALOG,
A-00122,KAIDA-P0346,Батат,сладкий картофель,ru,LEGACY_ALIAS,GLOBAL,YES,ACTIVE,INITIAL_CATALOG,
A-00123,KAIDA-P0348,Свёкла,свекла,ru,LEGACY_ALIAS,GLOBAL,YES,ACTIVE,INITIAL_CATALOG,
A-00124,KAIDA-P0353,Пастернак корень,пастернак,ru,LEGACY_ALIAS,GLOBAL,YES,ACTIVE,INITIAL_CATALOG,
A-00125,KAIDA-P0354,Сельдерей корень,корень сельдерея,ru,LEGACY_ALIAS,GLOBAL,YES,ACTIVE,INITIAL_CATALOG,
A-00126,KAIDA-P0355,Хрен корень,хрен,ru,LEGACY_ALIAS,GLOBAL,YES,ACTIVE,INITIAL_CATALOG,
A-00127,KAIDA-P0356,Имбирь корень,имбирь,ru,LEGACY_ALIAS,GLOBAL,YES,ACTIVE,INITIAL_CATALOG,
A-00128,KAIDA-P0358,Топинамбур,земляная груша,ru,LEGACY_ALIAS,GLOBAL,YES,ACTIVE,INITIAL_CATALOG,
A-00129,KAIDA-P0359,Лук репчатый,лук,ru,LEGACY_ALIAS,GLOBAL,YES,ACTIVE,INITIAL_CATALOG,
A-00130,KAIDA-P0366,Помидор,томат,ru,LEGACY_ALIAS,GLOBAL,YES,ACTIVE,INITIAL_CATALOG,
A-00131,KAIDA-P0366,Помидор,помидоры,ru,LEGACY_ALIAS,GLOBAL,YES,ACTIVE,INITIAL_CATALOG,
A-00132,KAIDA-P0368,Помидор черри,черри,ru,LEGACY_ALIAS,GLOBAL,YES,ACTIVE,INITIAL_CATALOG,
A-00133,KAIDA-P0370,Огурец,огурцы,ru,LEGACY_ALIAS,GLOBAL,YES,ACTIVE,INITIAL_CATALOG,
A-00134,KAIDA-P0372,Перец сладкий,болгарский перец,ru,LEGACY_ALIAS,GLOBAL,YES,ACTIVE,INITIAL_CATALOG,
A-00135,KAIDA-P0374,Перец острый,чили свежий,ru,LEGACY_ALIAS,GLOBAL,YES,ACTIVE,INITIAL_CATALOG,
A-00136,KAIDA-P0382,Кукуруза свежая,кукуруза в початках,ru,LEGACY_ALIAS,GLOBAL,YES,ACTIVE,INITIAL_CATALOG,
A-00137,KAIDA-P0383,Бамия,окра,ru,LEGACY_ALIAS,GLOBAL,YES,ACTIVE,INITIAL_CATALOG,
A-00138,KAIDA-P0386,Капуста белокочанная,капуста,ru,LEGACY_ALIAS,GLOBAL,YES,ACTIVE,INITIAL_CATALOG,
A-00139,KAIDA-P0396,Кинза,кориандр зелень,ru,LEGACY_ALIAS,GLOBAL,YES,ACTIVE,INITIAL_CATALOG,
A-00140,KAIDA-P0397,Базилик зелёный,базилик,ru,LEGACY_ALIAS,GLOBAL,YES,ACTIVE,INITIAL_CATALOG,
A-00141,KAIDA-P0400,Эстрагон,тархун,ru,LEGACY_ALIAS,CONTEXT_REQUIRED,NO,ACTIVE_GUARDED,INITIAL_CATALOG,"Context-sensitive: в лимонадах «Тархун» = напиток, не эстрагон."
A-00142,KAIDA-P0402,Тимьян свежий,чабрец свежий,ru,LEGACY_ALIAS,GLOBAL,YES,ACTIVE,INITIAL_CATALOG,
A-00143,KAIDA-P0415,Микрозелень,микрогрин,ru,LEGACY_ALIAS,GLOBAL,YES,ACTIVE,INITIAL_CATALOG,
A-00144,KAIDA-P0417,Лемонграсс,лимонная трава,ru,LEGACY_ALIAS,GLOBAL,YES,ACTIVE,INITIAL_CATALOG,
A-00145,KAIDA-P0418,Шампиньоны,шампиньон,ru,LEGACY_ALIAS,GLOBAL,YES,ACTIVE,INITIAL_CATALOG,
A-00146,KAIDA-P0419,Вешенки,вешенка,ru,LEGACY_ALIAS,GLOBAL,YES,ACTIVE,INITIAL_CATALOG,
A-00147,KAIDA-P0420,Белые грибы,боровики,ru,LEGACY_ALIAS,GLOBAL,YES,ACTIVE,INITIAL_CATALOG,
A-00148,KAIDA-P0429,Эринги,королевская вешенка,ru,LEGACY_ALIAS,GLOBAL,YES,ACTIVE,INITIAL_CATALOG,
A-00149,KAIDA-P0430,Муэр,древесные грибы,ru,LEGACY_ALIAS,GLOBAL,YES,ACTIVE,INITIAL_CATALOG,
A-00150,KAIDA-P0432,Яблоко,яблоки,ru,LEGACY_ALIAS,GLOBAL,YES,ACTIVE,INITIAL_CATALOG,
A-00151,KAIDA-P0433,Яблоко апорт,апорт,ru,LEGACY_ALIAS,GLOBAL,YES,ACTIVE,INITIAL_CATALOG,
A-00152,KAIDA-P0437,Груша,груши,ru,LEGACY_ALIAS,GLOBAL,YES,ACTIVE,INITIAL_CATALOG,
A-00153,KAIDA-P0448,Инжир свежий,инжир,ru,LEGACY_ALIAS,GLOBAL,YES,ACTIVE,INITIAL_CATALOG,
A-00154,KAIDA-P0466,Маракуйя,пассифлора фрукт,ru,LEGACY_ALIAS,GLOBAL,YES,ACTIVE,INITIAL_CATALOG,
A-00155,KAIDA-P0467,Питахайя,драконий фрукт,ru,LEGACY_ALIAS,GLOBAL,YES,ACTIVE,INITIAL_CATALOG,
A-00156,KAIDA-P0483,Виноград белый,виноград зелёный,ru,LEGACY_ALIAS,GLOBAL,YES,ACTIVE,INITIAL_CATALOG,
A-00157,KAIDA-P0486,Кишмиш,виноград без косточек,ru,LEGACY_ALIAS,GLOBAL,YES,ACTIVE,INITIAL_CATALOG,
A-00158,KAIDA-P0513,Гречка,гречневая крупа,ru,LEGACY_ALIAS,GLOBAL,YES,ACTIVE,INITIAL_CATALOG,
A-00159,KAIDA-P0514,Овсянка,овсяные хлопья,ru,LEGACY_ALIAS,GLOBAL,YES,ACTIVE,INITIAL_CATALOG,
A-00160,KAIDA-P0515,Геркулес,овсяные хлопья геркулес,ru,LEGACY_ALIAS,GLOBAL,YES,ACTIVE,INITIAL_CATALOG,
A-00161,KAIDA-P0517,Тары,просо,ru,LEGACY_ALIAS,GLOBAL,YES,ACTIVE,INITIAL_CATALOG,
A-00162,KAIDA-P0518,Перловка,перловая крупа,ru,LEGACY_ALIAS,GLOBAL,YES,ACTIVE,INITIAL_CATALOG,
A-00163,KAIDA-P0520,Манная крупа,манка,ru,LEGACY_ALIAS,GLOBAL,YES,ACTIVE,INITIAL_CATALOG,
A-00164,KAIDA-P0527,Полба,спельта,ru,LEGACY_ALIAS,GLOBAL,YES,ACTIVE,INITIAL_CATALOG,
A-00165,KAIDA-P0532,Мука пшеничная,мука,ru,LEGACY_ALIAS,GLOBAL,YES,ACTIVE,INITIAL_CATALOG,
A-00166,KAIDA-P0543,Макароны,макаронные изделия,ru,LEGACY_ALIAS,GLOBAL,YES,ACTIVE,INITIAL_CATALOG,
A-00167,KAIDA-P0548,Фузилли,спиральки макароны,ru,LEGACY_ALIAS,GLOBAL,YES,ACTIVE,INITIAL_CATALOG,
A-00168,KAIDA-P0551,Лапша гречневая соба,соба,ru,LEGACY_ALIAS,GLOBAL,YES,ACTIVE,INITIAL_CATALOG,
A-00169,KAIDA-P0552,Лапша удон,удон,ru,LEGACY_ALIAS,GLOBAL,YES,ACTIVE,INITIAL_CATALOG,
A-00170,KAIDA-P0553,Фунчоза,стеклянная лапша,ru,LEGACY_ALIAS,GLOBAL,YES,ACTIVE,INITIAL_CATALOG,
A-00171,KAIDA-P0560,Фасоль белая,белая фасоль,ru,LEGACY_ALIAS,GLOBAL,YES,ACTIVE,INITIAL_CATALOG,
A-00172,KAIDA-P0561,Фасоль красная,красная фасоль,ru,LEGACY_ALIAS,GLOBAL,YES,ACTIVE,INITIAL_CATALOG,
A-00173,KAIDA-P0564,Фасоль маш,маш,ru,LEGACY_ALIAS,GLOBAL,YES,ACTIVE,INITIAL_CATALOG,
A-00174,KAIDA-P0567,Нут,турецкий горох,ru,LEGACY_ALIAS,GLOBAL,YES,ACTIVE,INITIAL_CATALOG,
A-00175,KAIDA-P0570,Чечевица чёрная,белуга чечевица,ru,LEGACY_ALIAS,GLOBAL,YES,ACTIVE,INITIAL_CATALOG,
A-00176,KAIDA-P0572,Бобы фава,конские бобы,ru,LEGACY_ALIAS,GLOBAL,YES,ACTIVE,INITIAL_CATALOG,
A-00177,KAIDA-P0574,Стручковая фасоль,зеленая фасоль,ru,LEGACY_ALIAS,GLOBAL,YES,ACTIVE,INITIAL_CATALOG,
A-00178,KAIDA-P0577,Фундук,лесной орех,ru,LEGACY_ALIAS,GLOBAL,YES,ACTIVE,INITIAL_CATALOG,
A-00179,KAIDA-P0586,Семечки подсолнечника,семечки,ru,LEGACY_ALIAS,GLOBAL,YES,ACTIVE,INITIAL_CATALOG,
A-00180,KAIDA-P0588,Кунжут белый,кунжут,ru,LEGACY_ALIAS,GLOBAL,YES,ACTIVE,INITIAL_CATALOG,
A-00181,KAIDA-P0590,Семена льна,лен семена,ru,LEGACY_ALIAS,GLOBAL,YES,ACTIVE,INITIAL_CATALOG,
A-00182,KAIDA-P0591,Семена чиа,чиа,ru,LEGACY_ALIAS,GLOBAL,YES,ACTIVE,INITIAL_CATALOG,
A-00183,KAIDA-P0594,Курага,урюк без косточки,ru,LEGACY_ALIAS,GLOBAL,YES,ACTIVE,INITIAL_CATALOG,
A-00184,KAIDA-P0595,Урюк сушёный,урюк,ru,LEGACY_ALIAS,GLOBAL,YES,ACTIVE,INITIAL_CATALOG,
A-00185,KAIDA-P0596,Изюм светлый,изюм,ru,LEGACY_ALIAS,GLOBAL,YES,ACTIVE,INITIAL_CATALOG,
A-00186,KAIDA-P0600,Финики сушёные,финики,ru,LEGACY_ALIAS,GLOBAL,YES,ACTIVE,INITIAL_CATALOG,
A-00187,KAIDA-P0604,Дыня сушёная,вяленая дыня,ru,LEGACY_ALIAS,GLOBAL,YES,ACTIVE,INITIAL_CATALOG,
A-00188,KAIDA-P0610,Соль пищевая,соль,ru,LEGACY_ALIAS,GLOBAL,YES,ACTIVE,INITIAL_CATALOG,
A-00189,KAIDA-P0613,Сахар белый,сахар,ru,LEGACY_ALIAS,GLOBAL,YES,ACTIVE,INITIAL_CATALOG,
A-00190,KAIDA-P0614,Сахар тростниковый,коричневый сахар,ru,LEGACY_ALIAS,GLOBAL,YES,ACTIVE,INITIAL_CATALOG,
A-00191,KAIDA-P0615,Перец чёрный,черный перец,ru,LEGACY_ALIAS,GLOBAL,YES,ACTIVE,INITIAL_CATALOG,
A-00192,KAIDA-P0618,Паприка сладкая,паприка,ru,LEGACY_ALIAS,GLOBAL,YES,ACTIVE,INITIAL_CATALOG,
A-00193,KAIDA-P0622,Зира,кумин,ru,LEGACY_ALIAS,GLOBAL,YES,ACTIVE,INITIAL_CATALOG,
A-00194,KAIDA-P0623,Кориандр семена,кориандр,ru,LEGACY_ALIAS,GLOBAL,YES,ACTIVE,INITIAL_CATALOG,
A-00195,KAIDA-P0624,Куркума молотая,куркума,ru,LEGACY_ALIAS,GLOBAL,YES,ACTIVE,INITIAL_CATALOG,
A-00196,KAIDA-P0627,Гвоздика специя,гвоздика,ru,LEGACY_ALIAS,GLOBAL,YES,ACTIVE,INITIAL_CATALOG,
A-00197,KAIDA-P0630,Бадьян,звездчатый анис,ru,LEGACY_ALIAS,GLOBAL,YES,ACTIVE,INITIAL_CATALOG,
A-00198,KAIDA-P0635,Лавровый лист,лаврушка,ru,LEGACY_ALIAS,GLOBAL,YES,ACTIVE,INITIAL_CATALOG,
A-00199,KAIDA-P0638,Тимьян сушёный,чабрец,ru,LEGACY_ALIAS,GLOBAL,YES,ACTIVE,INITIAL_CATALOG,
A-00200,KAIDA-P0657,Уксус столовый,уксус,ru,LEGACY_ALIAS,GLOBAL,YES,ACTIVE,INITIAL_CATALOG,
A-00201,KAIDA-P0674,Наршараб,гранатовый соус,ru,LEGACY_ALIAS,GLOBAL,YES,ACTIVE,INITIAL_CATALOG,
A-00202,KAIDA-P0677,Тахини,кунжутная паста,ru,LEGACY_ALIAS,GLOBAL,YES,ACTIVE,INITIAL_CATALOG,
A-00203,KAIDA-P0679,Хлеб пшеничный,белый хлеб,ru,LEGACY_ALIAS,GLOBAL,YES,ACTIVE,INITIAL_CATALOG,
A-00204,KAIDA-P0680,Хлеб ржаной,черный хлеб,ru,LEGACY_ALIAS,GLOBAL,YES,ACTIVE,INITIAL_CATALOG,
A-00205,KAIDA-P0686,Тандырная лепёшка,лепешка тандырная,ru,LEGACY_ALIAS,GLOBAL,YES,ACTIVE,INITIAL_CATALOG,
A-00206,KAIDA-P0687,Лепёшка,лепешка,ru,LEGACY_ALIAS,GLOBAL,YES,ACTIVE,INITIAL_CATALOG,
A-00207,KAIDA-P0689,Баурсак,баурсаки,ru,LEGACY_ALIAS,GLOBAL,YES,ACTIVE,INITIAL_CATALOG,
A-00208,KAIDA-P0695,Панировочные сухари,панировка,ru,LEGACY_ALIAS,GLOBAL,YES,ACTIVE,INITIAL_CATALOG,
A-00209,KAIDA-P0696,Мёд цветочный,мед,ru,LEGACY_ALIAS,GLOBAL,YES,ACTIVE,INITIAL_CATALOG,
A-00210,KAIDA-P0703,Соты медовые,мед в сотах,ru,LEGACY_ALIAS,GLOBAL,YES,ACTIVE,INITIAL_CATALOG,
A-00211,KAIDA-P0711,Вода питьевая,вода,ru,LEGACY_ALIAS,GLOBAL,YES,ACTIVE,INITIAL_CATALOG,
A-00212,KAIDA-P0718,Морс ягодный,морс,ru,LEGACY_ALIAS,GLOBAL,YES,ACTIVE,INITIAL_CATALOG,
A-00213,KAIDA-P0724,Чай чёрный,черный чай,ru,LEGACY_ALIAS,GLOBAL,YES,ACTIVE,INITIAL_CATALOG,
A-00214,KAIDA-P0724,Чай чёрный,чай,ru,LEGACY_ALIAS,CONTEXT_REQUIRED,NO,ACTIVE_GUARDED,INITIAL_CATALOG,Too generic for global AUTO-match: может быть любой чай или готовый напиток.
A-00215,KAIDA-P0725,Чай зелёный,зеленый чай,ru,LEGACY_ALIAS,GLOBAL,YES,ACTIVE,INITIAL_CATALOG,
A-00216,KAIDA-P0727,Чай улун,оолонг,ru,LEGACY_ALIAS,GLOBAL,YES,ACTIVE,INITIAL_CATALOG,
A-00217,KAIDA-P0732,Каркаде,гибискус чай,ru,LEGACY_ALIAS,GLOBAL,YES,ACTIVE,INITIAL_CATALOG,
A-00218,KAIDA-P0733,Кофе в зернах,зерновой кофе,ru,LEGACY_ALIAS,GLOBAL,YES,ACTIVE,INITIAL_CATALOG,
A-00219,KAIDA-P0738,Какао-порошок,какао,ru,LEGACY_ALIAS,CONTEXT_REQUIRED,NO,ACTIVE_GUARDED,INITIAL_CATALOG,"Context-sensitive: в горячих напитках «какао» = готовый напиток, не порошок."
A-00220,KAIDA-P0741,Сузбе,сузбе,ru,LEGACY_ALIAS,GLOBAL,YES,ACTIVE,INITIAL_CATALOG,
A-00221,KAIDA-P0742,Иримшик,иримшик,ru,LEGACY_ALIAS,GLOBAL,YES,ACTIVE,INITIAL_CATALOG,
A-00222,KAIDA-P0742,Иримшик,ірімшік,ru,LEGACY_ALIAS,GLOBAL,YES,ACTIVE,INITIAL_CATALOG,
A-00223,KAIDA-P0743,Сарысу,молочная сыворотка домашняя,ru,LEGACY_ALIAS,GLOBAL,YES,ACTIVE,INITIAL_CATALOG,
A-00224,KAIDA-P0746,Талкан,толокно,ru,LEGACY_ALIAS,GLOBAL,YES,ACTIVE,INITIAL_CATALOG,
A-00225,KAIDA-P0752,Кумыс саумал,саумал,ru,LEGACY_ALIAS,GLOBAL,YES,ACTIVE,INITIAL_CATALOG,
A-00226,KAIDA-P0768,Оливки,маслины зеленые,ru,LEGACY_ALIAS,GLOBAL,YES,ACTIVE,INITIAL_CATALOG,
A-00227,KAIDA-P0769,Маслины,оливки черные,ru,LEGACY_ALIAS,GLOBAL,YES,ACTIVE,INITIAL_CATALOG,
A-00228,KAIDA-P0770,Квашеные яблоки,моченые яблоки,ru,LEGACY_ALIAS,GLOBAL,YES,ACTIVE,INITIAL_CATALOG,
A-00229,KAIDA-P0773,Говядина для бешбармака,мясо на бешбармак,ru,LEGACY_ALIAS,GLOBAL,YES,ACTIVE,INITIAL_CATALOG,
A-00230,KAIDA-P0774,Баранина для бешбармака,мясо на бешбармак баранина,ru,LEGACY_ALIAS,GLOBAL,YES,ACTIVE,INITIAL_CATALOG,
A-00231,KAIDA-P0090,Куриная грудка,Грудинка,ru,PROVISIONAL_ALIAS,SELLER_CONTEXT_ONLY,NO,PROVISIONAL,I3_RULE,Только в подтверждённом курином branch-контексте; не глобальный alias.
