decision_id,source,authority,subject,decision,canonical_or_old,note
RB01-041,USER_BATCH01,USER,Молочные продукты,OUT_OF_SCOPE,,
RB01-042,USER_BATCH01,USER,Құс сүті | Птичье молоко,NEW_PRODUCT,Молоко коровье,Это название торта/пирожного/конфет
RB01-045,USER_BATCH01,USER,"СЛИВКИ ПЕТРОПАВЛОВСКИЕ 10%, 500 МЛ",ATTRIBUTE,Сливки,
RB01-046,USER_BATCH01,USER,Молочный улун,COMMENT_ONLY,Молочный коктейль,"тут может быть как отдельный продукт, так и название молочного коктейля"
RB01-047,USER_BATCH01,USER,Самса с сыром,ATTRIBUTE,Самса,
RB01-048,USER_BATCH01,USER,Аппақ қыз торты | Торт Молочная девочка,READY_DISH,,
RB01-049,USER_BATCH01,USER,Сырные палочки,READY_DISH,,
RB01-050,USER_BATCH01,USER,Сүзбе қосылған тоқаш | Булочка с творогом,READY_DISH,,
RB01-051,USER_BATCH01,USER,Сүзбелі нан | Ватрушка с творогом,READY_DISH,,
RB01-052,USER_BATCH01,USER,Сүзбелі қаттама | Слоенка с творогом,READY_DISH,,
RB01-053,USER_BATCH01,USER,Орео шейк 450 мл,READY_DISH,,
RB01-054,USER_BATCH01,USER,Торт Молочная девочка,READY_DISH,,
RB01-055,USER_BATCH01,USER,Өсімдік сүтті латте / Латте на растительном молоке 450 мл,READY_DISH,,
RB01-056,USER_BATCH01,USER,"ADAL Сметана 10% 180 г
ADAL Сметана 10% 380 г
ADAL Сметана 15% 180 г
ADAL Сметана 15% 380 г
ADAL Сметана 20% 180 г",ATTRIBUTE,Сметана,
RB01-057,USER_BATCH01,USER,"PRESIDENT Сметана 10% 400 г
PRESIDENT Сметана 15% 380 г
PRESIDENT Сметана 15% 400 г
PRESIDENT Сметана 20% 200 г
PRESIDENT Сметана 20% 400 г",ATTRIBUTE,Сметана,
RB01-060,USER_BATCH01,USER,Яйцо бенедикт с жая,READY_DISH,Жая,
RB01-061,USER_BATCH01,USER,"Овощи, фрукты",OUT_OF_SCOPE,,
RB01-062,USER_BATCH01,USER,"Жидек шайы | Чай ягодный 300 мл
Жидек шайы | Чай ягодный 800 мл",NEEDS_CONTEXT,Чай чёрный,"тут фасовка - напиток. А старый продукт - скорее всего, полуфабрикат (группа полуфабрикатов), который требует приготовления (залить кипятком, сварить)"
RB01-063,USER_BATCH01,USER,"Ягодный микс (400 мл)
Ягодный микс 1000 ml
Ягодный микс 400 ml",READY_DISH,Морс ягодный,
RB01-064,USER_BATCH01,USER,«Банан» торты | Торт «Банановый»,NEW_PRODUCT,Банан,
RB01-065,USER_BATCH01,USER,«Құлпынай» торт | Торт «Клубника»,NEW_PRODUCT,Клубника,
RB01-066,USER_BATCH01,USER,Картоп қосылған нан | Пирожок с картошкой,ATTRIBUTE,Пирожок,
RB01-067,USER_BATCH01,USER,Пирог лимонный | Лимон бәліші,NEW_PRODUCT,Лимон,
RB01-068,USER_BATCH01,USER,Пісте-Таңқурай макаронсы | Макаронс Фисташка-Малина,NEW_PRODUCT,Малина,
RB01-069,USER_BATCH01,USER,Қырыққабат қосылған нан | Пирожок с капустой,ATTRIBUTE,Пирожок,
RB01-070,USER_BATCH01,USER,Құлпынай-Милкшейк макаронсы | Макаронс Клубника-Милкшейк,NEW_PRODUCT,Клубника,
RB01-071,USER_BATCH01,USER,Банан-тұзды карамель | Банан-соленая карамель 450 мл,OTHER,Банан,
RB01-072,USER_BATCH01,USER,Ягодный,NEEDS_CONTEXT,Морс ягодный,
RB01-073,USER_BATCH01,USER,«Сәбіз» торты | Торт «Морковный»,ATTRIBUTE,,
RB01-074,USER_BATCH01,USER,Алмалы қаттама | Слоенка с яблоком,ATTRIBUTE,,
RB01-075,USER_BATCH01,USER,Бананды кекс | Кекс банановый,ATTRIBUTE,,
RB01-076,USER_BATCH01,USER,Картоп қосылған бөрек | Борек с картофелем,ATTRIBUTE,,
RB01-077,USER_BATCH01,USER,Пирог творожно-ягодный | Сүзбе-жидек бәліші,ATTRIBUTE,,
RB01-078,USER_BATCH01,USER,Картофель фри,NEW_PRODUCT,Картофель,
RB01-079,USER_BATCH01,USER,Картофельное пюре,NEW_PRODUCT,,
RB01-081,USER_BATCH01,USER,Наполеон,ATTRIBUTE,,
RB01-082,USER_BATCH01,USER,Самса с курицей,ATTRIBUTE,Самса,
RB01-083,USER_BATCH01,USER,Синнабон,READY_DISH,,
RB01-084,USER_BATCH01,USER,"Чай, Кофе, Какао",OUT_OF_SCOPE,Какао-порошок,
RB01-085,USER_BATCH01,USER,Фисташковый рулет,READY_DISH,,
RB01-086,USER_BATCH01,USER,Самса с говядиной,ATTRIBUTE,Самса,
RB01-087,USER_BATCH01,USER,Павлова,NEEDS_CONTEXT,Плотва,
RB01-088,USER_BATCH01,USER,Молочная девочка,NEEDS_CONTEXT,Сыворотка молочная,
RB01-089,USER_BATCH01,USER,Медовик,ATTRIBUTE,,вид/название торта/пирожного
RB01-090,USER_BATCH01,USER,"Мароккан шайы | Чай марокканский 300 мл
Мароккан шайы | Чай марокканский 800 мл",COMMENT_ONLY,Чай чёрный,"тут фасовка - напиток. А старый продукт - скорее всего, полуфабрикат (группа полуфабрикатов), который требует приготовления (залить кипятком, сварить)"
RB01-091,USER_BATCH01,USER,"Ташкент шайы | Чай ташкенский 300 мл
Ташкент шайы | Чай ташкенский 800 мл",COMMENT_ONLY,Чай чёрный,"тут фасовка - напиток. А старый продукт - скорее всего, полуфабрикат (группа полуфабрикатов), который требует приготовления (залить кипятком, сварить)"
RB01-093,USER_BATCH01,USER,Горячий шоколад,NEEDS_CONTEXT,,напиток или полуфабрикат для приготовления напитка?
RB01-094,USER_BATCH01,USER,Сникерс,NEEDS_CONTEXT,,"шоколадный батончик, мороженое, торт? "
RB01-095,USER_BATCH01,USER,Батон наны | Хлеб батон,UNSURE,Батон,
RB01-096,USER_BATCH01,USER,Манго-Маракуйя макаронсы | Макаронс Манго-Маракуйя,NEEDS_CONTEXT,Маракуйя,"Маракуйя - может быть название продукта (коктейль Маракуйя, кекс Маракуйя), а может быть продуктом (фрукт). В данном случаеу нас пирожное вида макаронс с названием ""Маракуйя"""
RB01-097,USER_BATCH01,USER,Шоколадты круассан | Шоколадный круассан,ATTRIBUTE,Круассан,
RB01-098,USER_BATCH01,USER,"Капучино (200мл)
Капучино (300 мл)
Капучино (350мл)
Капучино (400 мл)
Капучино 0,3L
Капучино 0,4L",SAME_PRODUCT,,"просто разные объемы, причем 300 мл = 0,3L"
RB01-099,USER_BATCH01,USER,"Латте (300 мл)
Латте (350мл)
Латте (400 мл)
Латте 0,3L
Латте 0,4L
Латте 250 мл",SAME_PRODUCT,,"просто разные объемы, причем 300 мл = 0,3L"
RB01-100,USER_BATCH01,USER,"Американо (200мл)
Американо (350мл)
Американо 0,3L
Американо 0,4L
Американо 250 мл
Американо 250мл",SAME_PRODUCT,,"просто разные объемы, причем 300 мл = 0,3L"
RB01-G01,USER_BATCH01,USER,Картошка,NEEDS_CONTEXT,Картофель,
RB01-G02,USER_BATCH01,USER,Какао,NEEDS_CONTEXT,Какао-порошок,
RB01-G03,USER_BATCH01,USER,Яблоко,NEEDS_CONTEXT,Яблоко,
RB01-G04,USER_BATCH01,USER,Рис,NEEDS_CONTEXT,Рис,
RB01-G05,USER_BATCH01,USER,Тархун,NEEDS_CONTEXT,Эстрагон,
RB01-G06,USER_BATCH01,USER,"Чай черный/зеленый 1,6L",COMMENT_ONLY,Чай чёрный,С чаем уже были комментарии
RB01-G07,USER_BATCH01,USER,Оливье Малибу Весенний Салат с древесными грибами Пикантный с баклажанами Шпинат с яблоком и курицей Брокколи с цветной капустой Тёщин язык Фунчоза Сытный Пикатный с капустой Французский Цезарь Винегрет Салат с фасолью Крабовые палочки Тбилиси Баклажан по корейский Цветная капуста с кукурозой Свекла с сыром Греческий Гармония Наташа Легенда Мимоза с курицей Гнездо глухаря от 920 тенге,COMMENT_ONLY,Цветная капуста,тут скорее редкое исключение - неграмотное заполнение поля владельцем аккаунта на 2gis. Перечислены названия салатов. Не имеющих отношения к старому Product (Цветная капуста)
RB02-M01,AI_BATCH02,AI_PROVISIONAL,"Бедро (кг)
Голень (кг)
Головы (кг)
Грудинка (кг)
Желудок (кг)
Каркас (кг)
Крылышки (кг)
Окорочка (кг)
Печень (кг)
Сердце (кг)
Супнабор (кг)
Филе (кг)",PRODUCT + OTHER,Отдельные Products частей курицы,"HIGH — разрешить branch-context inference. Эту групповую строку не маппить в один Product: разложить на отдельные части, сохраняя provenance=branch_catalog."
RB02-M02,AI_BATCH02,AI_PROVISIONAL,Грудинка (кг),PRODUCT + NEW_PRODUCT,Куриная грудка,"MEDIUM — в этом каталоге species уверенно курица, но слово «грудинка» нетипично. Alias делать только seller/context-scoped, не глобальный."
RB02-M03,AI_BATCH02,AI_PROVISIONAL,Каркас (кг),PRODUCT + NEW_PRODUCT,Куриный каркас,HIGH — самостоятельная рыночная часть/единица.
RB02-M04,AI_BATCH02,AI_PROVISIONAL,Головы (кг),PRODUCT + NEW_PRODUCT,Куриные головы,HIGH — отдельный покупаемый субпродукт/часть.
RB02-M05,AI_BATCH02,AI_PROVISIONAL,Супнабор (кг),PRODUCT + NEW_PRODUCT,Куриный суповой набор,HIGH — составной набор с самостоятельным покупательским intent.
RB02-M06,AI_BATCH02,AI_PROVISIONAL,Цыплята бройлера (кг),PRODUCT + ATTRIBUTES_ONLY,Куриная тушка,"MEDIUM/HIGH — «бройлер» описывает класс птицы, а не новую базовую сущность."
RB02-M07,AI_BATCH02,AI_PROVISIONAL,Половина тушки ЦБ (кг),PRODUCT + ATTRIBUTES_ONLY,Куриная тушка,HIGH — половина тушки не создаёт новый Product.
RB02-M08,AI_BATCH02,AI_PROVISIONAL,Голень цыпленка-бройлера варено-копченая,PRODUCT + ATTRIBUTES_ONLY,Куриная голень,HIGH — способ обработки хранить отдельно; Product identity остаётся частью птицы.
RB02-M09,AI_BATCH02,AI_PROVISIONAL,"Ветчина Деликатесная (кг)
Ветчина Мраморная
Ветчина Элитная
Ветчина вареная ""Аппетитная"" (кг)
Ветчина копченая (кг)
Ветчина варено-копченая ""Мереке""",PRODUCT + ATTRIBUTES_ONLY,Ветчина,HIGH — «Аппетитная/Элитная/Мраморная» не глобальные Products без доказательства устойчивого типа.
RB02-M10,AI_BATCH02,AI_PROVISIONAL,"Докторская колбаса
Колбаса Пепперони
Краковская колбаса
Охотничьи колбаски
Сервелат
Чайная колбаса",PRODUCT + NEW_PRODUCT,Докторская / Краковская / Сервелат / Пепперони / Охотничьи колбаски,HIGH — это устойчивые рыночные типы с самостоятельным поисковым intent.
RB02-M11,AI_BATCH02,AI_PROVISIONAL,"Колбаса Алатауская
Колбаса Бутербродная
Колбаса Домашняя
Колбаса Ностальжи
Колбаса Сочная
Сардельки Маэстро
Сосиски Дәмді
Сосиски Нежные",PRODUCT + ATTRIBUTES_ONLY,Колбаса / Сосиски / Сардельки,"MEDIUM — «Алатауская/Ностальжи/Маэстро/Нежные» по умолчанию variant/marketing_name, пока не подтверждён общеупотребимый тип."
RB02-M12,AI_BATCH02,AI_PROVISIONAL,"Копченое филе
Крылья копченые
Окорочка копченые
Рулет куриный",PRODUCT + OTHER,Куриные части; «Куриный рулет» отдельно,HIGH — копчёные части = base Product + process. «Куриный рулет» — отдельный составной Product; эту группу нужно разделить.
RB02-F01,AI_BATCH02,AI_PROVISIONAL,"Вяленая семга
Семга малосольная
СЕМГА СТЕЙК БУХТА ИЗОБИЛИЯ 700ГР
Семга
Семга (Лосось) 6-7 кг
Семга (Норвегия) - малосольная (с/с)
Семга (Норвегия) - холодного копчения
Семга 3-4кг",PRODUCT + ALIAS,Атлантический лосось,HIGH — «сёмга» = Salmo salar; копчение/соление/вес не входят в identity.
RB02-F02,AI_BATCH02,AI_PROVISIONAL,Лосось,PRODUCT + NEW_PRODUCT,Лосось,HIGH — generic «Лосось» не следует молча приравнивать к тихоокеанскому. Сделать родительский Product.
RB02-F03,AI_BATCH02,AI_PROVISIONAL,Форель,PRODUCT + NEW_PRODUCT,Форель,HIGH — generic «Форель» как родитель; «радужная форель» — дочерний Product.
RB02-F04,AI_BATCH02,AI_PROVISIONAL,"Вяленая семга
Лещ горячего копчения
Семга малосольная
Скумбрия х\к
Копченый лосось
Лещ Горячего Копчения 100гр
Лещ горячего копчения /за 1кг.
Семга малосольная/подкопченная,кг",PRODUCT + ATTRIBUTES_ONLY,Базовый вид рыбы,"HIGH — способ обработки важен, но не меняет биологический Product; готовое блюдо — отдельный случай."
RB02-F05,AI_BATCH02,AI_PROVISIONAL,"Стейк лосося с молодым картофелем (250 гр.)
Филе судака
Стейк из семги
Стейки кеты
Стейки семги (норвегия)
Филе судака в кляре
стейк лосося
Стейки Семги крупные,кг",PRODUCT + NEW_PRODUCT,<Вид рыбы> + <разделка>,"HIGH — филе/стейк образуют buyer-relevant дочерний Product: «Филе судака», «Стейк лосося». Не путать с готовым блюдом «стейк с гарниром»."
RB02-F06,AI_BATCH02,AI_PROVISIONAL,"Креветки тигровые
Креветки тигровые на шпажках",PRODUCT + KEEP_EXISTING,Креветка тигровая,HIGH — оставить отдельный Product; «на шпажках» уже preparation/Offer.
RB02-F07,AI_BATCH02,AI_PROVISIONAL,"КОРОЛЕВСКИЕ КРЕВЕТКИ
КОРОЛЕВСКИЕ КРЕВЕТКИ ЧИПОТЛЕ В ТЕМПУРЕ
Королевские креветки 16/20
Королевские креветки 26/35
Королевские креветки 30/40
Королевские креветки 31/40 VICI
Королевские креветки 40/50 VICI
Королевские креветки 60/70 в упаковке 1кг",PRODUCT + KEEP_EXISTING,Креветка королевская,HIGH — отдельный buyer-relevant subtype.
RB02-F08,AI_BATCH02,AI_PROVISIONAL,"Креветки 16/20 1кг б/г Эконом Индия SeaFood
Креветки сырые без головы
Аргентинские красные креветки в панцире б/г с/м 41/50 ""Лангостино"" зам. 'VICI' 750г *5 шт/кор
Аргентинские красные креветки в панцире б/г с/м 41/50 зам. 'VICI' 4000 г.
Королевские креветки 16/20
Креветка 16/20 стандарт,в панцире, без головы, вес упаковка 1 кг.
Креветка 16/20 стандарт,в панцире, без головы, вес упаковка 500 гр.
Креветка 26/30 свежемороженая, без головы, очищенная, без пищ. тракта, вес упаковка 1 кг.",PRODUCT + ATTRIBUTES_ONLY,Креветка / соответствующий subtype,"HIGH — перечисленные признаки описывают SKU/Offer, не новый Product."
RB02-F09,AI_BATCH02,AI_PROVISIONAL,"Икра Кеты 1кг
Икра Горбуши
Икра Горбуши ""Красное золото"" Лососевая Икра, в стеклянной банке, 300 гр.
Икра Горбуши ""Красное золото"" Лососевая Икра, в стеклянной банке, 500 гр.
Икра Горбуши (2025) 500гр
Икра Горбуши 1кг
Икра Горбуши 2025г (1кг)
Икра Горбуши 2025г 250гр",PRODUCT + KEEP_EXISTING,Икра кеты / Икра горбуши / Икра нерки,"HIGH — species-specific икра — отдельные дочерние Products, generic «Красная икра» остаётся родителем."
RB02-F10,AI_BATCH02,AI_PROVISIONAL,"Золотая икра осетра альбиноса 100гр (лимитированная коллекция)
Золотая икра осетра альбиноса 50гр (лимитированная коллекция)
Икра Черная 50гр
Икра осетровая Exclusive 100г
Икра осетровая Exclusive 250г
Икра осетровая Exclusive 50г
Икра черная 100гр
Икра черная Caspian Caviar осетра 100 гр, Каспийская",PRODUCT + KEEP_EXISTING,Чёрная икра + species-specific children,HIGH — сохранить generic + species hierarchy.
RB02-F11,AI_BATCH02,AI_PROVISIONAL,"Икра черная Caspian Caviar стерлядь 120 гр, Каспийская
Икра черная Caspian Caviar стерлядь 230 гр, Каспийская",PRODUCT + NEW_PRODUCT,Икра стерляди,HIGH — не маппить на саму рыбу «Стерлядь».
RB02-F12,AI_BATCH02,AI_PROVISIONAL,"Рыба Игла с/м
METRO Chef Кольца кальмара тихоокеанского свежемороженого 500 г
METRO Chef Лойн трески свежемороженый 400 г
METRO Chef Морской коктейль свежемороженый 1 кг
Аргентинские красные креветки в панцире б/г с/м 41/50 ""Лангостино"" зам. 'VICI' 750г *5 шт/кор
Аргентинские красные креветки в панцире б/г с/м 41/50 зам. 'VICI' 4000 г.
Ассорти из морепродуктов с/м зам. ""VICI"" 4000*1 шт/кор
Барабулька целая 100-200 свежемороженая, вес упаковка 1-1,2 кг",PRODUCT + ATTRIBUTES_ONLY,Базовый вид/морепродукт,HIGH — состояние хранения не создаёт новый Product.
RB02-F13,AI_BATCH02,AI_PROVISIONAL,Стейки кеты,PRODUCT + NEW_PRODUCT,Стейк кеты,HIGH — по правилу cut-as-child Product. Запретить fuzzy match на «Стейк лакедры».
RB02-F14,AI_BATCH02,AI_PROVISIONAL,Угорь,PRODUCT + NEW_PRODUCT,Угорь,HIGH — generic «Угорь» не alias для «Угорь речной» без evidence; речной/морской — дети.
RB02-P01,AI_BATCH02,AI_PROVISIONAL,"Самса с курицей
Самса с говядиной
Самса с мясом
Пирожок с картошкой
Самса с сыром
Пирожок с капустой",READY_DISH + ATTRIBUTES_ONLY,Самса / Пирожок / Слойка / Борек,HIGH — начинка обычно attribute базовой формы.
RB02-P02,AI_BATCH02,AI_PROVISIONAL,Морковный торт,READY_DISH + NEW_PRODUCT,Морковный торт,"HIGH — морковный торт — устойчивая рецептурная категория, не просто вкус «Торта»."
RB02-P03,AI_BATCH02,AI_PROVISIONAL,"Наполеон
Медовик
Молочная девочка
Торт Сникерс
Торт Молочная девочка
Торт «Наполеон»",READY_DISH + NEW_PRODUCT,Торт Наполеон / Медовик / Молочная девочка / Торт Сникерс,HIGH — устойчивые рыночные рецептуры с самостоятельным поисковым intent.
RB02-P04,AI_BATCH02,AI_PROVISIONAL,"Латте макаронсы | Макаронс Латте
Манго-Маракуйя макаронсы | Макаронс Манго-Маракуйя
Пісте-Таңқурай макаронсы | Макаронс Фисташка-Малина
Ферреро макаронсы | Макаронс Ферреро
Құлпынай-Милкшейк макаронсы | Макаронс Клубника-Милкшейк
Макаронс",READY_DISH + ATTRIBUTES_ONLY,Макаронс,HIGH — вкус макаронс не должен плодить глобальные Products.
RB02-P05,AI_BATCH02,AI_PROVISIONAL,"Чизкейк по-казахски
Тары чизкейк
Чизкейк
Испандық чизкейк | Испанский чизкейк
Испанский чизкейк
Чизкейк Испанский
Чизкейк классический
чизкейк фисташковый",READY_DISH + OTHER,Чизкейк + дочерние recipe types,"MEDIUM/HIGH — «Испанский чизкейк» — отдельный recipe Product; классический = базовый. Фисташковый и обычные вкусы — attributes. «Тары/по-казахски» → Product только если это устойчивая рецептура, иначе attribute."
RB02-P06,AI_BATCH02,AI_PROVISIONAL,"Алмалы круассан | Яблочный круассан
Классикалық круассан | Классический круассан
Круассан-cэндвич с курицей
Шоколадты круассан | Шоколадный круассан
Қою кремді круассан | Круассан с заварным кремом
Круассан со сгущенкой
Круассан спайси креветками и со скремблом
Заварной круассан",READY_DISH + OTHER,Круассан; Круассан-сэндвич отдельно,HIGH — сладкие/обычные начинки = attributes «Круассана». Круассан-сэндвич с полноценной начинкой — отдельный составной Product.
RB02-P07,AI_BATCH02,AI_PROVISIONAL,"Спагетти болоньезе
Греческий салат
Окрошка
Рисовая каша",READY_DISH + NEW_PRODUCT,Каждое именованное готовое блюдо,"HIGH — «Спагетти болоньезе», «Греческий салат», «Окрошка», «Рисовая каша» должны резолвиться на блюдо, а не на совпавший ингредиент."
RB02-P08,AI_BATCH02,AI_PROVISIONAL,"Солянка
Борщ
Суп с фрикадельками
Окрошка",READY_DISH + NEW_PRODUCT,Борщ / Солянка / Окрошка / Суп с фрикадельками,HIGH — устойчивые самостоятельные блюда.
RB02-P09,AI_BATCH02,AI_PROVISIONAL,"Пицца Маргарита
Пицца Пепперони
Пицца с лососем",READY_DISH + OTHER,Пицца + recipe children,MEDIUM/HIGH — «Маргарита» и «Пепперони» — устойчивые recipe Products; «с лососем» и иные ad-hoc topping combinations — base «Пицца» + toppings.
RB02-P10,AI_BATCH02,AI_PROVISIONAL,"Сырники
Сырники классические
Сырники с иримшиком
Сырники с шоколадом
Сырники с бананом
Сырники с вишней
Сырники с изюмом
Сырники с курагой",PRODUCT + KEEP_EXISTING,Сырники,"HIGH — один Product «Сырники»; готовность/заморозка и наполнители — attributes. Entity class PRODUCT, т.к. корпус смешивает готовое блюдо и полуфабрикат."
RB02-P11,AI_BATCH02,AI_PROVISIONAL,"Картофель фри
Картофельное пюре",READY_DISH + NEW_PRODUCT,Картофель фри / Картофельное пюре,HIGH — сильное преобразование даёт новый buyer-recognized Product.
RB02-P12,AI_BATCH02,AI_PROVISIONAL,"Сосиска в тесте
Шұжықты нан | Сосиска в тесте",READY_DISH + NEW_PRODUCT,Сосиска в тесте,HIGH — устойчивый составной товар.
RB02-B01,AI_BATCH02,AI_PROVISIONAL,"Эспрессо
Американо
Латте
Капучино
Американо 0,3
Американо 250 мл
Американо 350 мл
Капучино 0,3",READY_DISH + ATTRIBUTES_ONLY,Эспрессо / Американо / Латте / Капучино,HIGH — каждый тип напитка — свой Product; объём 250/300/350/400/450 мл = attribute.
RB02-B02,AI_BATCH02,AI_PROVISIONAL,"Жидек шайы | Чай ягодный 300 мл
Жидек шайы | Чай ягодный 800 мл
Көк шай | Чай зеленый 300 мл
Мароккан шайы | Чай марокканский 300 мл
Мароккан шайы | Чай марокканский 800 мл
Ташкент шайы | Чай ташкенский 300 мл
Ташкент шайы | Чай ташкенский 800 мл
Қара шай | Чай черный 300 мл",READY_DISH + NEW_PRODUCT,Готовый чайный напиток / recipe-specific tea drinks,HIGH — готовый чай 300/800 мл не объединять с сухим/листовым чаем. Названные рецепты могут быть дочерними Products.
RB02-B03,AI_BATCH02,AI_PROVISIONAL,"Апельсин
Яблоко
Апельсин с облепихой
Апельсин 0.33L
Апельсин 0.5L
Апельсин Египет
Апельсин клюква
Апельсин клюква (400 мл)",READY_DISH + NEW_PRODUCT,Фреш яблочный / Фреш апельсиновый,HIGH — в категориях «Фреш» короткое название означает напиток; не маппить на фрукт.
RB02-B04,AI_BATCH02,AI_PROVISIONAL,"Какао
Какао 360мл
Какао ""Алкализе"" 500гр, Малайзия
Какао ""Алкализе"" AG800 Камбоджа 500гр
Какао 0,3
Какао 350 мл
Какао 7-9%, 500гр, Китай
Какао Favorich 10-12% Малайзия 1кг",READY_DISH + NEW_PRODUCT,Какао (напиток),HIGH — отдельный Product от «Какао-порошка»; категория/объём — сильный disambiguation.
RB02-B05,AI_BATCH02,AI_PROVISIONAL,"Горячий шоколад
Горячий шоколад 0,3L
Горячий шоколад 360мл",READY_DISH + NEW_PRODUCT,Горячий шоколад (напиток),"HIGH в контексте горячих напитков; без категории/порции — NEEDS_CONTEXT, чтобы не спутать со смесью."
RB02-B06,AI_BATCH02,AI_PROVISIONAL,Тархун,READY_DISH + NEW_PRODUCT,Лимонад Тархун,HIGH — в категории лимонадов не связывать с Product «Эстрагон».
RB02-B07,AI_BATCH02,AI_PROVISIONAL,"Лимонад гранат-малина 1000 мл
Лимонад гранат-малина 400 мл
Лимонад классика 1000 мл
Лимонад классика 400 мл
Лимонад манго-маракуйя 1000 мл
Лимонад манго-маракуйя 400 мл
Лимонад мята-банан 400 мл
Лимонад манго-маракуйя 0,4L",READY_DISH + ATTRIBUTES_ONLY,Лимонад,"HIGH — гранат-малина, манго-маракуйя, мята-банан = flavor attributes. Устойчивые именованные рецепты вроде «Тархун» можно держать дочерним Product."
RB02-B08,AI_BATCH02,AI_PROVISIONAL,"Молочный улун
Молочный Улун (0,5л)
Молочный Улун (1л)
Молочный улун (400 мл)
Молочный улун (800 мл)",PRODUCT + NEW_PRODUCT,Молочный улун,HIGH — устойчивое рыночное название чая; категорически не маппить на «Молочный коктейль».
RB02-X01,AI_BATCH02,AI_PROVISIONAL,"«Бал» торты | Торт «Медовый»
«Банан» торты | Торт «Банановый»
«Вупи пай» торты | Торт «Вупи пай»
«Карамель қыз» торты | Торт «Карамельная девочка»
«Классикалық тирамису» торты | Торт «Тирамису классический»
«Наполеон» торты | Торт «Наполеон»
«Орео» торты | Торт «Орео»
«Сникерс» торты | Торт «Сникерс»",PRODUCT + ALIAS,"Один Product/Offer, локализованные названия",HIGH — split только при подтверждённой языковой паре; символ | сам по себе недостаточен.
RB02-X02,AI_BATCH02,AI_PROVISIONAL,"Оливье Малибу Весенний Салат с древесными грибами Пикантный с баклажанами Шпинат с яблоком и курицей Брокколи с цветной капустой Тёщин язык Фунчоза Сытный Пикатный с капустой Французский Цезарь Винегрет Салат с фасолью Крабовые палочки Тбилиси Баклажан по корейский Цветная капуста с кукурозой Свекла с сыром Греческий Гармония Наташа Легенда Мимоза с курицей Гнездо глухаря от 920 тенге
Спагетти болоньезе Бефстроганов Куриные котлеты Говяжьи котлеты Бифштекс с яйцом Фрикасе Курица по-мексикански Курица по-французски Мясо по-французски Паста с курицей Наггетсы Куриные каштаны с сыром Курица карри Курица терияки Мясо по-тайски Куриный стейк в сыре Плов Манты Орама Нан Курица в панировке Тефтели Гуляш Тушёная говядина Курица с овощами Куриный рулет
Борщ Суп лапша Апашкин суп Мампар Рассольник Солянка Харчо Чечевичный суп Грибной крем-суп Тыквенный крем-суп Сырный суп Крем-суп из брокколи Окрошка от 870",MALFORMED + OUT_OF_SCOPE,Не маппить автоматически,HIGH — одна карточка содержит множество разных блюд; исключить из Product mapping и отправлять в review/repair.
RB02-X03,AI_BATCH02,AI_PROVISIONAL,"Гастрономия
Кондитерские изделия
Молочные продукты
Овощи, фрукты
Чай, Кофе, Какао
Снеки и закуски",CATEGORY_HEADER + OUT_OF_SCOPE,Не Product,"HIGH — исключать из Product KB, raw evidence сохранять."
RB02-X04,AI_BATCH02,AI_PROVISIONAL,"Цыплята бройлера (кг)
Половина тушки ЦБ (кг)
Цыплята табака (кг)
Бедро (кг)
Голень (кг)
Грудинка (кг)
Каркас (кг)
Крылышки (кг)
Окорочка (кг)
Супнабор (кг)
Филе (кг)
Желудок (кг)
Сердце (кг)
Печень (кг)
Головы (кг)
Ветчина вареная ""Аппетитная"" (кг)",PRODUCT + OTHER,Использовать seller/branch context как evidence,HIGH — разрешить contextual inference только при сильной когерентности каталога; не делать глобальный alias из seller-specific сокращений.
