rule_id,rule_group,status,rule_text,evidence,constraint,coverage,decision,decision_note,source
R01,PRODUCT_ONTOLOGY,WORKING_I3,Масса/объём/количество сами по себе не создают новый Product.,Batch 01: Капучино/Латте/Американо разных объёмов = SAME_PRODUCT; сливки/сметана с % и фасовкой = ATTRIBUTE.,"Правило не решает, что за Product перед нами; оно только схлопывает количественные варианты после определения базы.",751 структурных групп; 1817 живых названий; 2505 наблюдений.,ACCEPT,"HIGH — количество/масса/объём не меняют Product identity после того, как базовый Product уже определён.",KAIDA Review Batch 02 AI-filled
R02,PRODUCT_ONTOLOGY,WORKING_I3,"Бренд, жирность, фасовка и масса/объём у молочных товаров — атрибуты Offer, если базовый Product уже определён.",Сливки и две группы сметаны размечены как ATTRIBUTE.,"Не применять к словам, которые на самом деле меняют тип продукта: безлактозное, растительное и т.п. — пока отдельно.",Прямо подтверждено на сливках/сметане; расширять по категориям после review.,ACCEPT,"HIGH — бренд, жирность и фасовка молочки хранить в Offer/attributes. Исключения, меняющие сам тип продукта, разбирать отдельно.",KAIDA Review Batch 02 AI-filled
R03,PRODUCT_ONTOLOGY,WORKING_I3,Для части выпечки начинка/вкус — атрибут базового изделия.,"Самса с сыром/курицей/говядиной, пирожки, слойка, борек и часть других изделий размечены ATTRIBUTE.",Для тортов/пирогов/макаронс решения Batch 01 противоречат друг другу.,Высокий в выпечке; не применять к тортам/макаронс до Batch 02.,MODIFY,"HIGH — для самсы, пирожков, борека, круассана и похожих базовых форм начинка/вкус обычно attribute. Но устойчивое название рецептуры/типа изделия может стать отдельным Product.",KAIDA Review Batch 02 AI-filled
R04,PRODUCT_ONTOLOGY,WORKING_I3,Сильное кулинарное преобразование исходного продукта может образовывать новый Product.,Картофель фри и картофельное пюре размечены NEW_PRODUCT относительно картофеля.,Нужно определить порог преобразования по категориям.,Готовые блюда/кулинария.,ACCEPT,"HIGH — если кулинарная обработка создаёт устойчиво распознаваемый покупателем товар (фри, пюре, борщ и т.п.), это отдельный Product.",KAIDA Review Batch 02 AI-filled
R05,PRODUCT_ONTOLOGY,WORKING_I3,Заголовок категории/раздела каталога не является Product.,"«Молочные продукты», «Овощи, фрукты», «Чай, Кофе, Какао» = OUT_OF_SCOPE.",Нельзя считать любой title==category заголовком: некоторые реальные продукты совпадают с категорией.,Только три подтверждённых заголовка уже дают 42 наблюдений; общий детектор должен быть осторожным.,ACCEPT,"HIGH — CATEGORY_HEADER не пускать в Product KB; title==category само по себе недостаточно, нужен детектор по контексту.",KAIDA Review Batch 02 AI-filled
R06,PRODUCT_ONTOLOGY,WORKING_I3,Точное совпадение слова/alias недостаточно: категория и контекст должны быть совместимы с кандидатом Product.,"Картошка в пирожных, Яблоко во фрешах, Рис в гарнирах, Тархун в лимонадах, Какао среди горячих напитков.","Контекст не должен сам создавать факт, которого нет; при неоднозначности → NEEDS_CONTEXT.",1119 живых названий (2044 наблюдений) имеют старый кандидат внутри категорий готовой еды/напитков и требуют context gate.,ACCEPT,HIGH — exact/alias match обязан проходить semantic/context gate. Несовместимый контекст блокирует AUTO-match.,KAIDA Review Batch 02 AI-filled
R07,PRODUCT_ONTOLOGY,WORKING_I3,"READY_DISH — это класс сущности, а не альтернатива решения SAME/NEW/ATTRIBUTE.","Batch 01 показал смешение: готовые блюда размечались как READY_DISH, NEW_PRODUCT и ATTRIBUTE.",Нужно разделить две оси: entity_class и identity_decision.,Весь seller corpus с кафе/кулинарией.,ACCEPT,HIGH — entity_class и identity_decision хранить раздельно.,KAIDA Review Batch 02 AI-filled
R08,PRODUCT_ONTOLOGY,WORKING_I3,Готовый напиток и сырьё/полуфабрикат для приготовления — разные сущности.,Комментарий по ягодному чаю; отдельные кейсы Какао/Горячий шоколад/фреши.,"Если категория/объём не дают уверенности, не угадывать.","Чай, какао, горячий шоколад, фреши, лимонады и др.",ACCEPT,HIGH — готовый напиток и сухое сырьё/смесь для приготовления — разные сущности Product.,KAIDA Review Batch 02 AI-filled
R09,PRODUCT_ONTOLOGY,WORKING_I3,"Строка со списком множества разных товаров — MALFORMED, не один Product.",Комментарий по длинному списку салатов: продавец неграмотно заполнил одну карточку.,Нельзя пытаться автоматически создать десятки Product без подтверждения структуры.,"Редкие, но очень опасные ошибки.",ACCEPT,HIGH — длинные списки разных товаров в одном title = MALFORMED; не раскладывать автоматически без структурного подтверждения.,KAIDA Review Batch 02 AI-filled
R10,PRODUCT_ONTOLOGY,WORKING_I3,Двуязычная строка вида «Қазақша | Русский» обычно содержит два названия одного и того же Offer/Product.,Много таких строк в живом корпусе; Batch 01 рассматривал их как одну позицию.,"Разделитель | иногда используется не для языков, поэтому нужен language detection.",Значительная часть каталога казахстанских сетей/кафе.,ACCEPT,"HIGH — при надёжном language detection разбирать «kk | ru» как локализованные названия одной позиции, raw_title сохранять целиком.",KAIDA Review Batch 02 AI-filled
R11,PRODUCT_ONTOLOGY,WORKING_I3,Контекст всего seller/branch каталога можно использовать как evidence для пропущенных характеристик.,"21 филиал имеют одинаковый куриный каталог: рядом с «Бедро», «Филе», «Печень» явно стоят «Цыплята бройлера», «Половина тушки ЦБ» и куриные изделия.","Это inference, поэтому нужен confidence/provenance; не подменять им явный текст при конфликте.",В одном найденном кейсе — 252 наблюдений в 21 филиалах.,ACCEPT,"MEDIUM/HIGH — branch catalog можно использовать как evidence для пропущенного species/type, но только с provenance+confidence и при отсутствии конфликта с явным текстом.",KAIDA Review Batch 02 AI-filled
R12,PRODUCT_ONTOLOGY,WORKING_I3,Гранулярность тортов/пирогов/макаронс пока не определена.,"Банановый/клубничный торт и часть макаронс = NEW_PRODUCT, морковный торт и часть пирогов = ATTRIBUTE.",Нельзя строить общее правило до согласования.,Большой пласт кондитерки.,MODIFY,"HIGH — не вкус сам по себе, а устойчивый рыночный тип/рецептура определяет отдельный Product. «Наполеон», «Медовик», «Морковный торт», «Испанский чизкейк» — Product; вкусы макаронс, начинки пирожков/самсы — attributes.",KAIDA Review Batch 02 AI-filled
R13,PRODUCT_ONTOLOGY,WORKING_I3,Рыбная разделка (филе/стейк) — отдельный Product или атрибут cut/form.,"Старая KB уже хранит «Филе судака», «Стейк лосося» как отдельные Product.",Это влияет на всю гранулярность рыбы и мяса.,Рыба/морепродукты и часть мяса.,MODIFY,"HIGH — cut/form становится дочерним Product, когда это отдельная рыночная единица и самостоятельный поисковый intent: «Филе судака», «Стейк лосося». Упаковка и процесс — attributes.",KAIDA Review Batch 02 AI-filled
R14,PRODUCT_ONTOLOGY,WORKING_I3,Икра: generic цветовой Product и species-specific Product могут образовывать иерархию.,"Старая KB содержит одновременно «Красная икра» и «Икра кеты/горбуши/нерки», «Чёрная икра» и «Икра осетра».","Нужно решить, species — идентичность Product или attribute.",Икра и другие продукты происхождения от вида.,ACCEPT,"HIGH — оставить иерархию: generic «Красная/Чёрная икра» как родитель + species-specific Products («Икра кеты», «Икра осетра» и т.д.).",KAIDA Review Batch 02 AI-filled
R15,PRODUCT_ONTOLOGY,WORKING_I3,Креветка: тигровая/королевская как subtype Product; калибр/панцирь/голова/масса — атрибуты.,"Старая KB уже имеет generic, тигровую и королевскую креветку; corpus содержит много калибров.",Нужно подтвердить границу subtype vs attribute.,Морепродукты.,ACCEPT,HIGH — тигровая/королевская креветка — buyer-relevant subtype Product; calibre/shell/head/cleaning/weight — Offer attributes.,KAIDA Review Batch 02 AI-filled
R16,PRODUCT_ONTOLOGY,WORKING_I3,"Мясо: species + anatomical cut, вероятно, определяют Product; process/state остаются атрибутами.",Старая KB уже разделяет говяжью/баранью/куриную части; новый куриный каталог показывает потерю species в коротких названиях.,"Нужно решить исключения: каркас, головы, супнабор, копчёные части.",Мясо/птица/субпродукты.,MODIFY,"HIGH — species + anatomical cut/organ обычно задают Product; process/state — attributes. Исключения: составные наборы («суповой набор») — отдельный Product; «бройлер» — attribute/класс птицы, не новый Product.",KAIDA Review Batch 02 AI-filled
SAI01,SELLER_AI,DRAFT_BACKLOG,Raw input неизменяем; raw_input → extracted → resolved → proposed_card.,GitHub issue #75,Implementation not authorized,Seller input AI,RECORDED,,https://github.com/RashRosh/KAIDA.KZ-2.0/issues/75
SAI02,SELLER_AI,DRAFT_BACKLOG,AI не пишет напрямую в боевые данные; Seller Change Set + seller confirmation; atomic/idempotent apply.,GitHub issue #75,Implementation not authorized,Seller input AI,RECORDED,,https://github.com/RashRosh/KAIDA.KZ-2.0/issues/75
SAI03,SELLER_AI,DRAFT_BACKLOG,Жёстко разделять Product и Offer.,GitHub issue #75,Implementation not authorized,Seller input AI,RECORDED,,https://github.com/RashRosh/KAIDA.KZ-2.0/issues/75
SAI04,SELLER_AI,DRAFT_BACKLOG,Сначала искать Product в KB: high confidence → auto proposal; medium → 2–3 candidates; low → clarify/new candidate.,GitHub issue #75,Implementation not authorized,Seller input AI,RECORDED,,https://github.com/RashRosh/KAIDA.KZ-2.0/issues/75
SAI05,SELLER_AI,DRAFT_BACKLOG,Не выдумывать отсутствующие характеристики.,GitHub issue #75,Implementation not authorized,Seller input AI,RECORDED,,https://github.com/RashRosh/KAIDA.KZ-2.0/issues/75
SAI06,SELLER_AI,DRAFT_BACKLOG,Разбирать title на Product + brand + variety/type + state/process + cut/form + fat% + calibre + weight/volume + package + origin + category attrs.,GitHub issue #75,Implementation not authorized,Seller input AI,RECORDED,,https://github.com/RashRosh/KAIDA.KZ-2.0/issues/75
SAI07,SELLER_AI,DRAFT_BACKLOG,Набор атрибутов зависит от категории.,GitHub issue #75,Implementation not authorized,Seller input AI,RECORDED,,https://github.com/RashRosh/KAIDA.KZ-2.0/issues/75
SAI08,SELLER_AI,DRAFT_BACKLOG,Числа трактовать только в контексте.,GitHub issue #75,Implementation not authorized,Seller input AI,RECORDED,,https://github.com/RashRosh/KAIDA.KZ-2.0/issues/75
SAI09,SELLER_AI,DRAFT_BACKLOG,Цена обязательна для публикации Offer; без цены draft/clarify.,GitHub issue #75,Implementation not authorized,Seller input AI,RECORDED,,https://github.com/RashRosh/KAIDA.KZ-2.0/issues/75
SAI10,SELLER_AI,DRAFT_BACKLOG,Price basis не угадывать.,GitHub issue #75,Implementation not authorized,Seller input AI,RECORDED,,https://github.com/RashRosh/KAIDA.KZ-2.0/issues/75
SAI11,SELLER_AI,DRAFT_BACKLOG,Buyer-facing title формировать из полезных фактов; raw title хранить отдельно.,GitHub issue #75,Implementation not authorized,Seller input AI,RECORDED,,https://github.com/RashRosh/KAIDA.KZ-2.0/issues/75
SAI12,SELLER_AI,DRAFT_BACKLOG,Бренды/фасовки/SKU-признаки не создают Product автоматически.,GitHub issue #75,Implementation not authorized,Seller input AI,RECORDED,,https://github.com/RashRosh/KAIDA.KZ-2.0/issues/75
SAI13,SELLER_AI,DRAFT_BACKLOG,Не уничтожать значимые различия; Product-vs-attribute определяется KB/category rules.,GitHub issue #75,Implementation not authorized,Seller input AI,RECORDED,,https://github.com/RashRosh/KAIDA.KZ-2.0/issues/75
SAI14,SELLER_AI,DRAFT_BACKLOG,Перед новым Offer искать дубль у seller/Location по Product + ключевым SKU attrs.,GitHub issue #75,Implementation not authorized,Seller input AI,RECORDED,,https://github.com/RashRosh/KAIDA.KZ-2.0/issues/75
SAI15,SELLER_AI,DRAFT_BACKLOG,Фото: только визуально подтверждённые факты; нечитаемое = uncertain.,GitHub issue #75,Implementation not authorized,Seller input AI,RECORDED,,https://github.com/RashRosh/KAIDA.KZ-2.0/issues/75
SAI16,SELLER_AI,DRAFT_BACKLOG,Видео: выделять уникальные товары и дедуплицировать повторные появления.,GitHub issue #75,Implementation not authorized,Seller input AI,RECORDED,,https://github.com/RashRosh/KAIDA.KZ-2.0/issues/75
SAI17,SELLER_AI,DRAFT_BACKLOG,Голос: сохранять transcript; неоднозначные числа уточнять.,GitHub issue #75,Implementation not authorized,Seller input AI,RECORDED,,https://github.com/RashRosh/KAIDA.KZ-2.0/issues/75
SAI18,SELLER_AI,DRAFT_BACKLOG,Одна реплика может содержать несколько товаров → несколько draft Offer.,GitHub issue #75,Implementation not authorized,Seller input AI,RECORDED,,https://github.com/RashRosh/KAIDA.KZ-2.0/issues/75
SAI19,SELLER_AI,DRAFT_BACKLOG,Несколько сообщений об одном товаре могут дополнять один Change Set.,GitHub issue #75,Implementation not authorized,Seller input AI,RECORDED,,https://github.com/RashRosh/KAIDA.KZ-2.0/issues/75
SAI20,SELLER_AI,DRAFT_BACKLOG,Unknown product не попадает напрямую в глобальную KB; product_candidate + evidence.,GitHub issue #75,Implementation not authorized,Seller input AI,RECORDED,,https://github.com/RashRosh/KAIDA.KZ-2.0/issues/75
SAI21,SELLER_AI,DRAFT_BACKLOG,Каждое AI-решение имеет confidence + provenance.,GitHub issue #75,Implementation not authorized,Seller input AI,RECORDED,,https://github.com/RashRosh/KAIDA.KZ-2.0/issues/75
SAI22,SELLER_AI,DRAFT_BACKLOG,Уточняющих вопросов минимум; сначала извлечь всё надёжное.,GitHub issue #75,Implementation not authorized,Seller input AI,RECORDED,,https://github.com/RashRosh/KAIDA.KZ-2.0/issues/75
SAI23,SELLER_AI,DRAFT_BACKLOG,Подтверждение продавцу показывать человеческим языком.,GitHub issue #75,Implementation not authorized,Seller input AI,RECORDED,,https://github.com/RashRosh/KAIDA.KZ-2.0/issues/75
SAI24,SELLER_AI,DRAFT_BACKLOG,Ручные исправления продавца — сигнал для KB/rules.,GitHub issue #75,Implementation not authorized,Seller input AI,RECORDED,,https://github.com/RashRosh/KAIDA.KZ-2.0/issues/75
