mapping_id,product_id,official_source_id,official_entity_code,relation,verification_status,provenance_type,provenance_reference,notes
OFFICIAL-CW-0001,KAIDA-P0342,BNS_KPVED_2008_2024,011351,EXACT,CURRENT_VERIFIED,MANUAL_RECONCILIATION,"KPVED row: 011351 Картофель","Same product concept and product-level granularity."
OFFICIAL-CW-0002,KAIDA-P0364,BNS_KPVED_2008_2024,011342,EXACT,CURRENT_VERIFIED,MANUAL_RECONCILIATION,"KPVED row: 011342 Чеснок","Same product concept and product-level granularity."
OFFICIAL-CW-0003,KAIDA-P0385,BNS_KPVED_2008_2024,011311,EXACT,CURRENT_VERIFIED,MANUAL_RECONCILIATION,"KPVED row: 011311 Спаржа","Same product concept and product-level granularity."
OFFICIAL-CW-0004,KAIDA-P0407,BNS_KPVED_2008_2024,011316,EXACT,CURRENT_VERIFIED,MANUAL_RECONCILIATION,"KPVED row: 011316 Шпинат","Same product concept and product-level granularity."
OFFICIAL-CW-0005,KAIDA-P0462,BNS_KPVED_2008_2024,012211,EXACT,CURRENT_VERIFIED,MANUAL_RECONCILIATION,"KPVED row: 012211 Авокадо","Same product concept and product-level granularity."
OFFICIAL-CW-0006,KAIDA-P0438,BNS_KPVED_2008_2024,012422,EXACT,CURRENT_VERIFIED,MANUAL_RECONCILIATION,"KPVED row: 012422 Айва","Same product concept and product-level granularity."
OFFICIAL-CW-0007,KAIDA-P0446,BNS_KPVED_2008_2024,012424,EXACT,CURRENT_VERIFIED,MANUAL_RECONCILIATION,"KPVED row: 012424 Вишня","Same product concept and product-level granularity."
OFFICIAL-CW-0008,KAIDA-P0463,BNS_KPVED_2008_2024,012511,EXACT,CURRENT_VERIFIED,MANUAL_RECONCILIATION,"KPVED row: 012511 Киви","Same product concept and product-level granularity."
OFFICIAL-CW-0009,KAIDA-P0489,BNS_KPVED_2008_2024,012512,EXACT,CURRENT_VERIFIED,MANUAL_RECONCILIATION,"KPVED row: 012512 Малина","Same product concept and product-level granularity."
OFFICIAL-CW-0010,KAIDA-P0716,BNS_KPVED_2008_2024,103211,EXACT,CURRENT_VERIFIED,MANUAL_RECONCILIATION,"KPVED row: 103211 Сок томатный","Same processed product concept and product-level granularity."
OFFICIAL-CW-0011,KAIDA-P0715,BNS_KPVED_2008_2024,103212,EXACT,CURRENT_VERIFIED,MANUAL_RECONCILIATION,"KPVED row: 103212 Сок апельсиновый","Same processed product concept and product-level granularity."
OFFICIAL-CW-0012,KAIDA-P0714,BNS_KPVED_2008_2024,103216,EXACT,CURRENT_VERIFIED,MANUAL_RECONCILIATION,"KPVED row: 103216 Сок яблочный","Same processed product concept and product-level granularity."
OFFICIAL-CW-0013,KAIDA-P0644,BNS_KPVED_2008_2024,104124,EXACT,CURRENT_VERIFIED,MANUAL_RECONCILIATION,"KPVED row: 104124 Масло подсолнечное нерафинированное","Same processed product concept and refinement state."
OFFICIAL-CW-0014,KAIDA-P0524,BNS_KPVED_2008_2024,107312,EXACT,CURRENT_VERIFIED,MANUAL_RECONCILIATION,"KPVED row: 107312 Кускус","Same product concept and product-level granularity."
OFFICIAL-CW-0015,KAIDA-P0003,BNS_KPVED_2008_2024,101111,BROADER,CURRENT_VERIFIED,MANUAL_RECONCILIATION,"KPVED row: 101111 Говядина и телятина свежая или охлажденная","Official entity covers multiple cuts and also veal; it is broader than beef tenderloin."
OFFICIAL-CW-0016,KAIDA-P0265,BNS_KPVED_2008_2024,014120,NARROWER,CURRENT_VERIFIED,MANUAL_RECONCILIATION,"KPVED row: 014120 Молоко сырое скота крупного рогатого молочного стада","Official entity is limited to raw cow milk; generic KAIDA cow milk also covers processed retail milk."
OFFICIAL-CW-0017,KAIDA-P0836,BNS_KPVED_2008_2024,,NO_MATCH,CURRENT_VERIFIED,MANUAL_RECONCILIATION,"Reviewed KPVED coffee section 1083 and full official name index","KPVED contains processed coffee goods and production services but no prepared cappuccino entity."
OFFICIAL-CW-0018,KAIDA-P0834,BNS_KPVED_2008_2024,,NOT_APPLICABLE,CURRENT_VERIFIED,MANUAL_RECONCILIATION,"Reviewed KPVED coffee section 1083 and KAIDA READY_COFFEE identity","Americano is a prepared café recipe in KAIDA; this classifier does not represent that user-facing recipe identity."
OFFICIAL-CW-0019,KAIDA-P0004,BNS_KPVED_2008_2024,101111,BROADER,CURRENT_VERIFIED,MANUAL_RECONCILIATION,"KPVED row: 101111 Говядина и телятина свежая или охлажденная","Official entity covers multiple cuts and also veal; it is broader than beef fillet."
